{"stats":{"minecraft:dropped":{"minecraft:netherite_pickaxe":124,"minecraft:netherite_hoe":2,"minecraft:tnt":13,"minecraft:netherite_sword":31,"minecraft:netherite_chestplate":93,"minecraft:netherite_axe":126,"minecraft:netherite_helmet":63,"minecraft:cobblestone":9,"minecraft:netherite_shovel":127,"minecraft:totem_of_undying":112,"minecraft:elytra":186,"minecraft:coal":34,"minecraft:netherite_leggings":63,"minecraft:dirt":1,"minecraft:netherite_boots":126,"minecraft:chest":127,"minecraft:bow":63},"minecraft:killed_by":{"minecraft:zombie_villager":1,"minecraft:warden":1,"minecraft:player":3,"minecraft:zombie":2,"minecraft:wither":1},"minecraft:killed":{"minecraft:warden":1,"minecraft:enderman":1},"minecraft:used":{"minecraft:water_bucket":7,"minecraft:netherite_sword":7,"minecraft:wither_skeleton_skull":16,"minecraft:flint_and_steel":4,"minecraft:chest":2,"minecraft:ender_chest":3,"minecraft:black_shulker_box":2,"minecraft:player_head":5,"minecraft:dirt":6,"minecraft:anvil":1,"minecraft:tnt":41,"minecraft:snowball":93,"minecraft:obsidian":225,"minecraft:warden_spawn_egg":2,"minecraft:redstone_torch":6,"minecraft:enderman_spawn_egg":1,"minecraft:lava_bucket":171,"minecraft:gray_shulker_box":1,"minecraft:netherite_hoe":1,"minecraft:totem_of_undying":20,"minecraft:gravel":30,"minecraft:item_frame":12,"minecraft:soul_soil":22,"minecraft:bucket":1,"minecraft:netherite_pickaxe":36,"minecraft:coarse_dirt":3,"minecraft:enchanted_golden_apple":5},"minecraft:picked_up":{"minecraft:pink_petals":32,"minecraft:coarse_dirt":3,"minecraft:ender_chest":65,"minecraft:flint":12,"minecraft:oak_log":2,"minecraft:netherite_leggings":1,"minecraft:string":2,"minecraft:dirt":21,"minecraft:elytra":62,"minecraft:raw_copper":8,"minecraft:item_frame":12,"minecraft:bow":63,"minecraft:black_shulker_box":23,"minecraft:netherite_sword":12,"minecraft:player_head":11,"minecraft:enchanted_golden_apple":64,"minecraft:chest":640,"minecraft:sculk_catalyst":2,"minecraft:stick":1,"minecraft:dandelion":1,"minecraft:gravel":30,"minecraft:netherite_pickaxe":13,"minecraft:end_crystal":62,"minecraft:gray_shulker_box":7,"minecraft:tnt":14,"minecraft:skeleton_spawn_egg":1,"minecraft:netherite_helmet":1,"minecraft:granite":5,"minecraft:totem_of_undying":36,"minecraft:netherite_chestplate":31,"minecraft:coal":35,"minecraft:snowball":11,"minecraft:cobblestone":50,"minecraft:sunflower":1},"minecraft:mined":{"minecraft:black_shulker_box":1,"minecraft:short_grass":35,"minecraft:grass_block":9,"minecraft:tall_grass":6,"minecraft:spruce_leaves":2,"minecraft:pink_petals":17,"minecraft:fire":1,"minecraft:tnt":13,"minecraft:coal_ore":1,"minecraft:oak_log":2,"minecraft:sunflower":5,"minecraft:dirt":1,"minecraft:stone":27},"minecraft:custom":{"minecraft:mob_kills":2,"minecraft:interact_with_anvil":1,"minecraft:open_shulker_box":19,"minecraft:leave_game":35,"minecraft:time_since_death":21474,"minecraft:damage_resisted":362,"minecraft:time_since_rest":21494,"minecraft:damage_absorbed":1392,"minecraft:sprint_one_cm":55803,"minecraft:open_enderchest":5,"minecraft:damage_taken":6186,"minecraft:walk_one_cm":81993,"minecraft:trigger_trapped_chest":14,"minecraft:drop":73,"minecraft:damage_dealt":5712,"minecraft:swim_one_cm":13692,"minecraft:fly_one_cm":364112,"minecraft:open_chest":10,"minecraft:crouch_one_cm":1960,"minecraft:play_time":145869,"minecraft:deaths":8,"minecraft:sneak_time":5032,"minecraft:walk_under_water_one_cm":15339,"minecraft:jump":1084,"minecraft:walk_on_water_one_cm":21382,"minecraft:total_world_time":145869,"minecraft:fall_one_cm":46974}},"DataVersion":3700}