{"stats":{"minecraft:killed_by":{"minecraft:zombie_villager":1,"minecraft:wither":1,"minecraft:player":3,"minecraft:zombie":2},"minecraft:used":{"minecraft:redstone_torch":6,"minecraft:water_bucket":7,"minecraft:lava_bucket":171,"minecraft:gray_shulker_box":1,"minecraft:flint_and_steel":4,"minecraft:wither_skeleton_skull":16,"minecraft:netherite_hoe":1,"minecraft:gravel":30,"minecraft:totem_of_undying":18,"minecraft:player_head":5,"minecraft:item_frame":12,"minecraft:dirt":6,"minecraft:anvil":1,"minecraft:soul_soil":22,"minecraft:tnt":41,"minecraft:bucket":1,"minecraft:coarse_dirt":3,"minecraft:snowball":93,"minecraft:enchanted_golden_apple":4,"minecraft:obsidian":225},"minecraft:picked_up":{"minecraft:pink_petals":32,"minecraft:coarse_dirt":3,"minecraft:dandelion":1,"minecraft:gravel":30,"minecraft:flint":12,"minecraft:oak_log":2,"minecraft:netherite_leggings":1,"minecraft:end_crystal":62,"minecraft:string":2,"minecraft:gray_shulker_box":7,"minecraft:dirt":20,"minecraft:raw_copper":8,"minecraft:tnt":11,"minecraft:item_frame":12,"minecraft:netherite_helmet":1,"minecraft:netherite_sword":1,"minecraft:granite":5,"minecraft:player_head":9,"minecraft:totem_of_undying":36,"minecraft:netherite_chestplate":1,"minecraft:enchanted_golden_apple":64,"minecraft:coal":1,"minecraft:snowball":11,"minecraft:cobblestone":32,"minecraft:sunflower":1},"minecraft:mined":{"minecraft:pink_petals":16,"minecraft:fire":1,"minecraft:tnt":8,"minecraft:short_grass":27,"minecraft:grass_block":8,"minecraft:oak_log":2,"minecraft:sunflower":5,"minecraft:dirt":1,"minecraft:tall_grass":6,"minecraft:spruce_leaves":2},"minecraft:custom":{"minecraft:time_since_rest":86,"minecraft:sprint_one_cm":50847,"minecraft:damage_taken":5407,"minecraft:walk_one_cm":61432,"minecraft:damage_absorbed":1261,"minecraft:trigger_trapped_chest":12,"minecraft:interact_with_anvil":1,"minecraft:drop":32,"minecraft:damage_dealt":287,"minecraft:swim_one_cm":10165,"minecraft:fly_one_cm":343766,"minecraft:open_chest":1,"minecraft:play_time":105268,"minecraft:crouch_one_cm":1917,"minecraft:open_shulker_box":1,"minecraft:deaths":7,"minecraft:sneak_time":4887,"minecraft:walk_under_water_one_cm":4939,"minecraft:jump":908,"minecraft:walk_on_water_one_cm":13731,"minecraft:leave_game":20,"minecraft:time_since_death":0,"minecraft:total_world_time":105268,"minecraft:damage_resisted":284,"minecraft:fall_one_cm":38197},"minecraft:dropped":{"minecraft:netherite_hoe":2,"minecraft:tnt":10,"minecraft:totem_of_undying":20}},"DataVersion":3700}