{"stats":{"minecraft:dropped":{"minecraft:enchanted_book":1,"minecraft:water_bucket":2,"minecraft:soul_sand":64,"minecraft:wheat_seeds":85,"minecraft:diamond_axe":1,"minecraft:cherry_log":2,"minecraft:tnt":1,"minecraft:glass_bottle":64,"minecraft:mossy_cobblestone":1,"minecraft:ender_pearl":80,"minecraft:netherite_helmet":128,"minecraft:creeper_spawn_egg":1,"minecraft:netherite_axe":9,"minecraft:oak_hanging_sign":1,"minecraft:netherite_chestplate":23,"minecraft:warden_spawn_egg":1,"minecraft:cobblestone":146,"minecraft:amethyst_block":4,"minecraft:cracked_stone_bricks":11,"minecraft:granite":15,"minecraft:bedrock":1,"minecraft:elytra":126,"minecraft:coal":173,"minecraft:leather_helmet":1,"minecraft:item_frame":1,"minecraft:gold_block":1,"minecraft:stick":1,"minecraft:flint":20,"minecraft:lava_bucket":1,"minecraft:dirt":13,"minecraft:red_bed":5,"minecraft:exposed_copper_bulb":64,"minecraft:milk_bucket":1,"minecraft:diorite":6,"minecraft:golden_carrot":64,"minecraft:wooden_axe":1,"minecraft:tnt_minecart":13,"minecraft:netherite_boots":192,"minecraft:snowball":91,"minecraft:zombie_head":1,"minecraft:black_shulker_box":27,"minecraft:sunflower":3,"minecraft:pink_petals":53,"minecraft:trapped_chest":67,"minecraft:bucket":1,"minecraft:smooth_basalt":1,"minecraft:bone":223,"minecraft:redstone_block":1,"minecraft:dandelion":1,"minecraft:redstone":3,"minecraft:stone_axe":1,"minecraft:netherite_hoe":2,"minecraft:player_head":837,"minecraft:ender_chest":65,"minecraft:stone_sword":1,"minecraft:cobbled_deepslate":123,"minecraft:smooth_stone_slab":5,"minecraft:deepslate":1,"minecraft:tuff":13,"minecraft:netherite_sword":98,"minecraft:obsidian":3,"minecraft:stone_shovel":1,"minecraft:rotten_flesh":98,"minecraft:wither_skeleton_skull":64,"minecraft:enchanted_golden_apple":161,"minecraft:diamond_shovel":1,"minecraft:end_stone":74,"minecraft:white_shulker_box":1,"minecraft:skeleton_spawn_egg":1,"minecraft:white_bed":1,"minecraft:totem_of_undying":462,"minecraft:oak_sign":3,"minecraft:shulker_box":11,"minecraft:carrot":1,"minecraft:netherite_leggings":128,"minecraft:flint_and_steel":3,"minecraft:tipped_arrow":1,"minecraft:skeleton_skull":1,"minecraft:coal_ore":1,"minecraft:diamond_pickaxe":1,"minecraft:mossy_stone_bricks":30,"minecraft:chest":641,"minecraft:bee_nest":3,"minecraft:redstone_torch":1,"minecraft:stone_bricks":38,"minecraft:barrel":1,"minecraft:arrow":247,"minecraft:bow":17,"minecraft:stone_pickaxe":1,"minecraft:crying_obsidian":1,"minecraft:calcite":2},"minecraft:killed_by":{"minecraft:player":2},"minecraft:killed":{"minecraft:zombified_piglin":19,"minecraft:skeleton":6,"minecraft:silverfish":55,"minecraft:warden":11,"minecraft:ender_dragon":2,"minecraft:creeper":1,"minecraft:zombie":2,"minecraft:enderman":10},"minecraft:used":{"minecraft:netherite_sword":22,"minecraft:stone_sword":1,"minecraft:flint_and_steel":215,"minecraft:dispenser":16,"minecraft:redstone":39,"minecraft:elytra":5,"minecraft:oak_sign":3,"minecraft:chest":67,"minecraft:ender_chest":45,"minecraft:white_shulker_box":28,"minecraft:player_head":71,"minecraft:netherrack":18,"minecraft:dirt":88,"minecraft:soul_sand":59,"minecraft:anvil":55,"minecraft:skeleton_spawn_egg":13,"minecraft:hopper":39,"minecraft:shulker_box":2,"minecraft:bee_nest":1,"minecraft:tuff":3,"minecraft:snowball":85,"minecraft:milk_bucket":1,"minecraft:obsidian":100,"minecraft:warden_spawn_egg":10,"minecraft:lava_bucket":4,"minecraft:netherite_shovel":18,"minecraft:grass_block":1236,"minecraft:orange_shulker_box":1,"minecraft:jungle_log":3,"minecraft:totem_of_undying":19,"minecraft:barrel":4,"minecraft:item_frame":6,"minecraft:bedrock":13,"minecraft:netherite_boots":5,"minecraft:repeater":10,"minecraft:bow":79,"minecraft:netherite_pickaxe":14838,"minecraft:gold_block":10,"minecraft:skeleton_skull":1,"minecraft:trapped_chest":10,"minecraft:observer":9,"minecraft:enchanted_golden_apple":32,"minecraft:water_bucket":15,"minecraft:wither_skeleton_skull":30,"minecraft:powered_rail":35,"minecraft:netherite_chestplate":3,"minecraft:ender_pearl":8,"minecraft:black_shulker_box":28,"minecraft:redstone_block":39,"minecraft:cracked_stone_bricks":3,"minecraft:rail":5,"minecraft:netherite_leggings":2,"minecraft:tnt":2578,"minecraft:red_bed":87,"minecraft:netherite_helmet":2,"minecraft:white_bed":1,"minecraft:creeper_spawn_egg":13,"minecraft:redstone_torch":9,"minecraft:ender_eye":12,"minecraft:crying_obsidian":71,"minecraft:gray_shulker_box":11,"minecraft:netherite_axe":5,"minecraft:pink_petals":1,"minecraft:cobblestone":151,"minecraft:end_crystal":143,"minecraft:goat_spawn_egg":25,"minecraft:oak_hanging_sign":3,"minecraft:experience_bottle":64},"minecraft:picked_up":{"minecraft:wooden_axe":1,"minecraft:bee_nest":3,"minecraft:ender_chest":63,"minecraft:anvil":1,"minecraft:amethyst_block":4,"minecraft:red_bed":6,"minecraft:elytra":63,"minecraft:flint_and_steel":70,"minecraft:smooth_stone_slab":5,"minecraft:item_frame":23,"minecraft:zombie_head":2,"minecraft:oak_sign":4,"minecraft:cracked_stone_bricks":14,"minecraft:black_shulker_box":7,"minecraft:tnt_minecart":44,"minecraft:gold_nugget":1,"minecraft:cobbled_deepslate":124,"minecraft:netherite_sword":59,"minecraft:bucket":1,"minecraft:ender_eye":52,"minecraft:calcite":2,"minecraft:player_head":90,"minecraft:enchanted_golden_apple":97,"minecraft:chest":68,"minecraft:end_stone":115,"minecraft:netherite_shovel":193,"minecraft:stone_button":2,"minecraft:cherry_log":2,"minecraft:diorite":6,"minecraft:warden_spawn_egg":1,"minecraft:carrot":1,"minecraft:redstone":20,"minecraft:netherite_pickaxe":165,"minecraft:gray_shulker_box":17,"minecraft:tnt":1,"minecraft:arrow":247,"minecraft:rotten_flesh":133,"minecraft:totem_of_undying":404,"minecraft:netherite_chestplate":186,"minecraft:white_shulker_box":2,"minecraft:obsidian":60,"minecraft:skeleton_skull":2,"minecraft:snowball":75,"minecraft:cobblestone":278,"minecraft:pink_petals":53,"minecraft:netherite_boots":129,"minecraft:repeater":2,"minecraft:iron_door":1,"minecraft:water_bucket":1,"minecraft:flint":20,"minecraft:tuff":12,"minecraft:netherite_leggings":64,"minecraft:dirt":143,"minecraft:bone":223,"minecraft:stone_bricks":38,"minecraft:bow":66,"minecraft:wheat_seeds":87,"minecraft:netherite_axe":61,"minecraft:mossy_stone_bricks":30,"minecraft:smooth_basalt":1,"minecraft:stone_brick_slab":2,"minecraft:dandelion":1,"minecraft:enderman_spawn_egg":64,"minecraft:lava_bucket":1,"minecraft:white_bed":1,"minecraft:grass_block":1,"minecraft:spectral_arrow":40,"minecraft:trapped_chest":1,"minecraft:dragon_egg":2,"minecraft:shulker_box":37,"minecraft:mossy_cobblestone":1,"minecraft:dispenser":1,"minecraft:coal_ore":1,"minecraft:netherite_helmet":64,"minecraft:granite":35,"minecraft:netherite_hoe":67,"minecraft:netherrack":88,"minecraft:ender_pearl":204,"minecraft:hopper":1,"minecraft:coal":365,"minecraft:sunflower":5},"minecraft:mined":{"minecraft:tuff":7,"minecraft:mossy_cobblestone":1,"minecraft:cherry_log":2,"minecraft:gray_shulker_box":1,"minecraft:end_stone":14219,"minecraft:obsidian":2,"minecraft:granite":42,"minecraft:grass_block":4,"minecraft:spawner":1,"minecraft:andesite":6,"minecraft:stone":245,"minecraft:player_head":1,"minecraft:infested_stone_bricks":4,"minecraft:stone_brick_slab":2,"minecraft:short_grass":4,"minecraft:calcite":2,"minecraft:cobblestone":1,"minecraft:diorite":7,"minecraft:iron_door":1,"minecraft:amethyst_block":4,"minecraft:tnt":1,"minecraft:smooth_stone_slab":5,"minecraft:bee_nest":1,"minecraft:coal_ore":5,"minecraft:gravel":20,"minecraft:dirt":3,"minecraft:cracked_stone_bricks":11,"minecraft:smooth_basalt":1,"minecraft:stone_bricks":41,"minecraft:mossy_stone_bricks":32,"minecraft:deepslate":190},"minecraft:custom":{"minecraft:mob_kills":111,"minecraft:interact_with_anvil":326,"minecraft:inspect_hopper":10,"minecraft:open_barrel":9,"minecraft:open_shulker_box":113,"minecraft:leave_game":21,"minecraft:time_since_death":124319,"minecraft:damage_resisted":5161,"minecraft:walk_one_cm":463490,"minecraft:drop":475,"minecraft:damage_dealt_absorbed":2185,"minecraft:play_time":475489,"minecraft:deaths":7,"minecraft:sneak_time":16554,"minecraft:walk_under_water_one_cm":98558,"minecraft:jump":2180,"minecraft:walk_on_water_one_cm":8325,"minecraft:total_world_time":475489,"minecraft:sleep_in_bed":1,"minecraft:time_since_rest":29678,"minecraft:damage_absorbed":3363,"minecraft:open_enderchest":19,"minecraft:damage_taken":4280,"minecraft:trigger_trapped_chest":10,"minecraft:damage_dealt":7815,"minecraft:fly_one_cm":2074609,"minecraft:player_kills":3,"minecraft:open_chest":78,"minecraft:crouch_one_cm":6559,"minecraft:aviate_one_cm":1623009,"minecraft:fall_one_cm":85476,"minecraft:inspect_dispenser":10,"minecraft:horse_one_cm":1145}},"DataVersion":3700}