{"stats":{"minecraft:dropped":{"minecraft:water_bucket":2,"minecraft:enchanted_book":1,"minecraft:soul_sand":64,"minecraft:wheat_seeds":5,"minecraft:diamond_axe":1,"minecraft:tnt":1,"minecraft:creeper_spawn_egg":1,"minecraft:netherite_chestplate":1,"minecraft:oak_hanging_sign":1,"minecraft:netherite_axe":1,"minecraft:netherite_helmet":1,"minecraft:warden_spawn_egg":1,"minecraft:cobblestone":1,"minecraft:bedrock":1,"minecraft:leather_helmet":1,"minecraft:item_frame":1,"minecraft:gold_block":1,"minecraft:lava_bucket":1,"minecraft:dirt":1,"minecraft:red_bed":5,"minecraft:milk_bucket":1,"minecraft:golden_carrot":64,"minecraft:wooden_axe":1,"minecraft:tnt_minecart":13,"minecraft:netherite_boots":2,"minecraft:snowball":75,"minecraft:black_shulker_box":5,"minecraft:sunflower":3,"minecraft:pink_petals":53,"minecraft:trapped_chest":64,"minecraft:bucket":1,"minecraft:redstone_block":1,"minecraft:dandelion":1,"minecraft:redstone":3,"minecraft:stone_axe":1,"minecraft:netherite_hoe":2,"minecraft:player_head":837,"minecraft:stone_sword":1,"minecraft:cobbled_deepslate":16,"minecraft:deepslate":1,"minecraft:tuff":11,"minecraft:netherite_sword":67,"minecraft:obsidian":1,"minecraft:stone_shovel":1,"minecraft:wither_skeleton_skull":64,"minecraft:enchanted_golden_apple":128,"minecraft:diamond_shovel":1,"minecraft:white_shulker_box":1,"minecraft:white_bed":1,"minecraft:totem_of_undying":193,"minecraft:oak_sign":2,"minecraft:shulker_box":11,"minecraft:netherite_leggings":1,"minecraft:flint_and_steel":2,"minecraft:tipped_arrow":1,"minecraft:skeleton_skull":1,"minecraft:diamond_pickaxe":1,"minecraft:bee_nest":2,"minecraft:redstone_torch":1,"minecraft:barrel":1,"minecraft:bow":2,"minecraft:stone_pickaxe":1,"minecraft:crying_obsidian":1},"minecraft:killed_by":{"minecraft:player":2},"minecraft:killed":{"minecraft:zombified_piglin":13,"minecraft:skeleton":3,"minecraft:warden":10},"minecraft:used":{"minecraft:netherite_sword":2,"minecraft:stone_sword":1,"minecraft:flint_and_steel":213,"minecraft:dispenser":16,"minecraft:redstone":39,"minecraft:oak_sign":3,"minecraft:chest":48,"minecraft:ender_chest":42,"minecraft:white_shulker_box":28,"minecraft:player_head":62,"minecraft:netherrack":18,"minecraft:dirt":87,"minecraft:soul_sand":59,"minecraft:anvil":55,"minecraft:skeleton_spawn_egg":1,"minecraft:hopper":39,"minecraft:shulker_box":2,"minecraft:bee_nest":1,"minecraft:tuff":3,"minecraft:snowball":85,"minecraft:milk_bucket":1,"minecraft:obsidian":30,"minecraft:warden_spawn_egg":10,"minecraft:lava_bucket":4,"minecraft:grass_block":5,"minecraft:orange_shulker_box":1,"minecraft:jungle_log":3,"minecraft:barrel":4,"minecraft:item_frame":6,"minecraft:bedrock":13,"minecraft:repeater":10,"minecraft:bow":51,"minecraft:trapped_chest":5,"minecraft:gold_block":10,"minecraft:observer":9,"minecraft:enchanted_golden_apple":1,"minecraft:water_bucket":15,"minecraft:wither_skeleton_skull":30,"minecraft:powered_rail":35,"minecraft:ender_pearl":8,"minecraft:black_shulker_box":26,"minecraft:redstone_block":39,"minecraft:rail":5,"minecraft:tnt":2578,"minecraft:red_bed":22,"minecraft:white_bed":1,"minecraft:creeper_spawn_egg":13,"minecraft:redstone_torch":9,"minecraft:crying_obsidian":71,"minecraft:gray_shulker_box":11,"minecraft:pink_petals":1,"minecraft:cobblestone":142,"minecraft:end_crystal":15,"minecraft:goat_spawn_egg":25,"minecraft:oak_hanging_sign":3},"minecraft:picked_up":{"minecraft:wooden_axe":1,"minecraft:bee_nest":2,"minecraft:anvil":1,"minecraft:elytra":1,"minecraft:red_bed":5,"minecraft:flint_and_steel":6,"minecraft:item_frame":23,"minecraft:oak_sign":3,"minecraft:black_shulker_box":7,"minecraft:tnt_minecart":44,"minecraft:cobbled_deepslate":16,"minecraft:netherite_sword":28,"minecraft:bucket":1,"minecraft:player_head":6,"minecraft:enchanted_golden_apple":64,"minecraft:chest":3,"minecraft:netherite_shovel":1,"minecraft:warden_spawn_egg":1,"minecraft:redstone":20,"minecraft:netherite_pickaxe":6,"minecraft:gray_shulker_box":17,"minecraft:tnt":1,"minecraft:totem_of_undying":128,"minecraft:netherite_chestplate":4,"minecraft:white_shulker_box":2,"minecraft:skeleton_skull":1,"minecraft:snowball":11,"minecraft:cobblestone":60,"minecraft:pink_petals":53,"minecraft:netherite_boots":3,"minecraft:repeater":2,"minecraft:water_bucket":1,"minecraft:tuff":10,"minecraft:netherite_leggings":1,"minecraft:dirt":126,"minecraft:bow":1,"minecraft:wheat_seeds":7,"minecraft:netherite_axe":5,"minecraft:dandelion":1,"minecraft:lava_bucket":1,"minecraft:white_bed":1,"minecraft:grass_block":1,"minecraft:shulker_box":37,"minecraft:dispenser":1,"minecraft:netherite_helmet":1,"minecraft:netherite_hoe":3,"minecraft:netherrack":88,"minecraft:hopper":1,"minecraft:sunflower":5,"minecraft:ender_pearl":1},"minecraft:mined":{"minecraft:gray_shulker_box":1,"minecraft:grass_block":2,"minecraft:player_head":1,"minecraft:short_grass":4},"minecraft:custom":{"minecraft:interact_with_anvil":326,"minecraft:mob_kills":28,"minecraft:inspect_hopper":10,"minecraft:open_barrel":8,"minecraft:open_shulker_box":100,"minecraft:leave_game":13,"minecraft:time_since_death":27244,"minecraft:walk_one_cm":52153,"minecraft:drop":252,"minecraft:damage_dealt_absorbed":141,"minecraft:play_time":378377,"minecraft:deaths":7,"minecraft:sneak_time":13161,"minecraft:walk_under_water_one_cm":63459,"minecraft:jump":1424,"minecraft:walk_on_water_one_cm":5515,"minecraft:total_world_time":378377,"minecraft:time_since_rest":28064,"minecraft:open_enderchest":11,"minecraft:damage_taken":1081,"minecraft:trigger_trapped_chest":7,"minecraft:damage_dealt":348,"minecraft:player_kills":3,"minecraft:fly_one_cm":1395702,"minecraft:open_chest":70,"minecraft:crouch_one_cm":1001,"minecraft:fall_one_cm":3449,"minecraft:inspect_dispenser":10}},"DataVersion":3700}