{"stats":{"minecraft:dropped":{"minecraft:netherite_pickaxe":1,"minecraft:netherite_sword":1,"minecraft:netherite_helmet":1,"minecraft:netherite_boots":1,"minecraft:netherite_chestplate":1,"minecraft:pink_petals":15,"minecraft:netherite_leggings":1},"minecraft:used":{"minecraft:netherite_sword":14,"minecraft:flint_and_steel":3,"minecraft:wither_skeleton_skull":22,"minecraft:item_frame":1,"minecraft:tnt":175,"minecraft:snowball":35},"minecraft:killed_by":{"minecraft:player":1},"minecraft:killed":{"minecraft:sheep":3,"minecraft:skeleton":1,"minecraft:zombie":1,"minecraft:zombie_villager":1,"minecraft:spider":1},"minecraft:custom":{"minecraft:time_since_rest":18621,"minecraft:walk_one_cm":57435,"minecraft:sprint_one_cm":10229,"minecraft:open_enderchest":1,"minecraft:damage_taken":5790,"minecraft:trigger_trapped_chest":3,"minecraft:mob_kills":9,"minecraft:drop":7,"minecraft:damage_dealt":1211,"minecraft:fly_one_cm":340264,"minecraft:player_kills":1,"minecraft:open_chest":5,"minecraft:crouch_one_cm":1487,"minecraft:play_time":98067,"minecraft:open_shulker_box":8,"minecraft:deaths":3,"minecraft:sneak_time":1760,"minecraft:walk_under_water_one_cm":5105,"minecraft:jump":197,"minecraft:walk_on_water_one_cm":974,"minecraft:leave_game":6,"minecraft:time_since_death":15108,"minecraft:total_world_time":98067,"minecraft:fall_one_cm":952},"minecraft:picked_up":{"minecraft:sculk_catalyst":9,"minecraft:pink_petals":41,"minecraft:tnt":1,"minecraft:bone":2,"minecraft:rotten_flesh":1,"minecraft:oak_sign":1,"minecraft:gold_nugget":1,"minecraft:wheat_seeds":1,"minecraft:black_shulker_box":2,"minecraft:netherite_sword":34,"minecraft:player_head":714,"minecraft:netherite_hoe":2,"minecraft:snowball":64}},"DataVersion":3700}